#thickness,repetition,unprocessed,length,width,saw blade thickness,edge cutting,number of sub-panels,panel utilization,number of layers,material
16,1,1,1830,3660,4.4,5,59,0.948329,1,Cabinet Body
#sub-panel number,next phase sub-panels quantity,panel combination type,length,usable length,number of cutting lines,edge cutting in length,main panel number,X coordinate,Y coordinate,width,usable width,edge cutting in width,code
0,2,0,1830,13.2,3,5,-1,0,0,3660,3660,0,NONE
#cutting line number,line type (0: length cut vertical - 1: cross cut horizontal - 2: edge cutting in length vertical - 3: edge cutting in width horizontal),relative distance,repeated lines
0,2,5,1
1,0,715,1
2,0,1088,1
#sub-panel number,next phase sub-panels quantity,panel combination type,length,usable length,number of cutting lines,edge cutting in length,main panel number,X coordinate,Y coordinate,width,usable width,edge cutting in width,code
1,0,0,13.2,13.2,0,0,0,1816.8,0,3660,3660,0,$L13.2_W3660_1
#cutting line number,line type (0: length cut vertical - 1: cross cut horizontal - 2: edge cutting in length vertical - 3: edge cutting in width horizontal),relative distance,repeated lines
#sub-panel number,next phase sub-panels quantity,panel combination type,length,usable length,number of cutting lines,edge cutting in length,main panel number,X coordinate,Y coordinate,width,usable width,edge cutting in width,code
2,3,0,1088,1088,3,0,0,724.4,0,3660,0,5,NONE
#cutting line number,line type (0: length cut vertical - 1: cross cut horizontal - 2: edge cutting in length vertical - 3: edge cutting in width horizontal),relative distance,repeated lines
0,3,5,1
1,1,80,1
2,1,1068,1
#sub-panel number,next phase sub-panels quantity,panel combination type,length,usable length,number of cutting lines,edge cutting in length,main panel number,X coordinate,Y coordinate,width,usable width,edge cutting in width,code
3,3,0,1088,14.8,2,0,2,724.4,1161.8,2498.2,2498.2,0,NONE
#cutting line number,line type (0: length cut vertical - 1: cross cut horizontal - 2: edge cutting in length vertical - 3: edge cutting in width horizontal),relative distance,repeated lines
0,0,330,2
1,0,400,1
#sub-panel number,next phase sub-panels quantity,panel combination type,length,usable length,number of cutting lines,edge cutting in length,main panel number,X coordinate,Y coordinate,width,usable width,edge cutting in width,code
4,0,0,14.8,14.8,0,0,3,1797.6,1161.8,2498.2,2498.2,0,$L14.8_W2498.2_2
#cutting line number,line type (0: length cut vertical - 1: cross cut horizontal - 2: edge cutting in length vertical - 3: edge cutting in width horizontal),relative distance,repeated lines
#sub-panel number,next phase sub-panels quantity,panel combination type,length,usable length,number of cutting lines,edge cutting in length,main panel number,X coordinate,Y coordinate,width,usable width,edge cutting in width,code
5,3,0,400,400,2,0,3,1393.2,1161.8,2498.2,73,0,NONE
#cutting line number,line type (0: length cut vertical - 1: cross cut horizontal - 2: edge cutting in length vertical - 3: edge cutting in width horizontal),relative distance,repeated lines
0,1,750,2
1,1,912,1
#sub-panel number,next phase sub-panels quantity,panel combination type,length,usable length,number of cutting lines,edge cutting in length,main panel number,X coordinate,Y coordinate,width,usable width,edge cutting in width,code
6,0,0,400,400,0,0,5,1393.2,3587,73,73,0,$L400_W73_3
#cutting line number,line type (0: length cut vertical - 1: cross cut horizontal - 2: edge cutting in length vertical - 3: edge cutting in width horizontal),relative distance,repeated lines
#sub-panel number,next phase sub-panels quantity,panel combination type,length,usable length,number of cutting lines,edge cutting in length,main panel number,X coordinate,Y coordinate,width,usable width,edge cutting in width,code
7,0,0,400,400,0,0,5,1393.2,2670.6,912,912,0,L400_W912_4
#cutting line number,line type (0: length cut vertical - 1: cross cut horizontal - 2: edge cutting in length vertical - 3: edge cutting in width horizontal),relative distance,repeated lines
#sub-panel number,next phase sub-panels quantity,panel combination type,length,usable length,number of cutting lines,edge cutting in length,main panel number,X coordinate,Y coordinate,width,usable width,edge cutting in width,code
8,0,0,400,400,0,0,5,1393.2,1916.2,750,750,0,L400_W750_5
#cutting line number,line type (0: length cut vertical - 1: cross cut horizontal - 2: edge cutting in length vertical - 3: edge cutting in width horizontal),relative distance,repeated lines
#sub-panel number,next phase sub-panels quantity,panel combination type,length,usable length,number of cutting lines,edge cutting in length,main panel number,X coordinate,Y coordinate,width,usable width,edge cutting in width,code
9,0,0,400,400,0,0,5,1393.2,1161.8,750,750,0,L400_W750_6
#cutting line number,line type (0: length cut vertical - 1: cross cut horizontal - 2: edge cutting in length vertical - 3: edge cutting in width horizontal),relative distance,repeated lines
#sub-panel number,next phase sub-panels quantity,panel combination type,length,usable length,number of cutting lines,edge cutting in length,main panel number,X coordinate,Y coordinate,width,usable width,edge cutting in width,code
10,3,0,330,330,2,0,3,1058.8,1161.8,2498.2,7,0,NONE
#cutting line number,line type (0: length cut vertical - 1: cross cut horizontal - 2: edge cutting in length vertical - 3: edge cutting in width horizontal),relative distance,repeated lines
0,1,820,2
1,1,838,1
#sub-panel number,next phase sub-panels quantity,panel combination type,length,usable length,number of cutting lines,edge cutting in length,main panel number,X coordinate,Y coordinate,width,usable width,edge cutting in width,code
11,0,0,330,330,0,0,10,1058.8,3653,7,7,0,$L330_W7_7
#cutting line number,line type (0: length cut vertical - 1: cross cut horizontal - 2: edge cutting in length vertical - 3: edge cutting in width horizontal),relative distance,repeated lines
#sub-panel number,next phase sub-panels quantity,panel combination type,length,usable length,number of cutting lines,edge cutting in length,main panel number,X coordinate,Y coordinate,width,usable width,edge cutting in width,code
12,0,0,330,330,0,0,10,1058.8,2810.6,838,838,0,L330_W838_8
#cutting line number,line type (0: length cut vertical - 1: cross cut horizontal - 2: edge cutting in length vertical - 3: edge cutting in width horizontal),relative distance,repeated lines
#sub-panel number,next phase sub-panels quantity,panel combination type,length,usable length,number of cutting lines,edge cutting in length,main panel number,X coordinate,Y coordinate,width,usable width,edge cutting in width,code
13,0,0,330,330,0,0,10,1058.8,1986.2,820,820,0,L330_W820_9
#cutting line number,line type (0: length cut vertical - 1: cross cut horizontal - 2: edge cutting in length vertical - 3: edge cutting in width horizontal),relative distance,repeated lines
#sub-panel number,next phase sub-panels quantity,panel combination type,length,usable length,number of cutting lines,edge cutting in length,main panel number,X coordinate,Y coordinate,width,usable width,edge cutting in width,code
14,0,0,330,330,0,0,10,1058.8,1161.8,820,820,0,L330_W820_10
#cutting line number,line type (0: length cut vertical - 1: cross cut horizontal - 2: edge cutting in length vertical - 3: edge cutting in width horizontal),relative distance,repeated lines
#sub-panel number,next phase sub-panels quantity,panel combination type,length,usable length,number of cutting lines,edge cutting in length,main panel number,X coordinate,Y coordinate,width,usable width,edge cutting in width,code
15,3,0,330,330,2,0,3,724.4,1161.8,2498.2,7,0,NONE
#cutting line number,line type (0: length cut vertical - 1: cross cut horizontal - 2: edge cutting in length vertical - 3: edge cutting in width horizontal),relative distance,repeated lines
0,1,820,2
1,1,838,1
#sub-panel number,next phase sub-panels quantity,panel combination type,length,usable length,number of cutting lines,edge cutting in length,main panel number,X coordinate,Y coordinate,width,usable width,edge cutting in width,code
16,0,0,330,330,0,0,15,724.4,3653,7,7,0,$L330_W7_11
#cutting line number,line type (0: length cut vertical - 1: cross cut horizontal - 2: edge cutting in length vertical - 3: edge cutting in width horizontal),relative distance,repeated lines
#sub-panel number,next phase sub-panels quantity,panel combination type,length,usable length,number of cutting lines,edge cutting in length,main panel number,X coordinate,Y coordinate,width,usable width,edge cutting in width,code
17,0,0,330,330,0,0,15,724.4,2810.6,838,838,0,L330_W838_12
#cutting line number,line type (0: length cut vertical - 1: cross cut horizontal - 2: edge cutting in length vertical - 3: edge cutting in width horizontal),relative distance,repeated lines
#sub-panel number,next phase sub-panels quantity,panel combination type,length,usable length,number of cutting lines,edge cutting in length,main panel number,X coordinate,Y coordinate,width,usable width,edge cutting in width,code
18,0,0,330,330,0,0,15,724.4,1986.2,820,820,0,L330_W820_13
#cutting line number,line type (0: length cut vertical - 1: cross cut horizontal - 2: edge cutting in length vertical - 3: edge cutting in width horizontal),relative distance,repeated lines
#sub-panel number,next phase sub-panels quantity,panel combination type,length,usable length,number of cutting lines,edge cutting in length,main panel number,X coordinate,Y coordinate,width,usable width,edge cutting in width,code
19,0,0,330,330,0,0,15,724.4,1161.8,820,820,0,L330_W820_14
#cutting line number,line type (0: length cut vertical - 1: cross cut horizontal - 2: edge cutting in length vertical - 3: edge cutting in width horizontal),relative distance,repeated lines
#sub-panel number,next phase sub-panels quantity,panel combination type,length,usable length,number of cutting lines,edge cutting in length,main panel number,X coordinate,Y coordinate,width,usable width,edge cutting in width,code
20,7,0,1088,7.2,5,0,2,724.4,89.4,1068,1068,0,NONE
#cutting line number,line type (0: length cut vertical - 1: cross cut horizontal - 2: edge cutting in length vertical - 3: edge cutting in width horizontal),relative distance,repeated lines
0,0,80,3
1,0,310,1
2,0,80,1
3,0,110,1
4,0,310,1
#sub-panel number,next phase sub-panels quantity,panel combination type,length,usable length,number of cutting lines,edge cutting in length,main panel number,X coordinate,Y coordinate,width,usable width,edge cutting in width,code
21,0,0,7.2,7.2,0,0,20,1805.2,89.4,1068,1068,0,$L7.2_W1068_15
#cutting line number,line type (0: length cut vertical - 1: cross cut horizontal - 2: edge cutting in length vertical - 3: edge cutting in width horizontal),relative distance,repeated lines
#sub-panel number,next phase sub-panels quantity,panel combination type,length,usable length,number of cutting lines,edge cutting in length,main panel number,X coordinate,Y coordinate,width,usable width,edge cutting in width,code
22,1,0,310,310,1,0,20,1490.8,89.4,1068,0.6,0,NONE
#cutting line number,line type (0: length cut vertical - 1: cross cut horizontal - 2: edge cutting in length vertical - 3: edge cutting in width horizontal),relative distance,repeated lines
0,1,1063,1
#sub-panel number,next phase sub-panels quantity,panel combination type,length,usable length,number of cutting lines,edge cutting in length,main panel number,X coordinate,Y coordinate,width,usable width,edge cutting in width,code
23,0,0,310,310,0,0,22,1490.8,1156.8,0.6,0.6,0,$L310_W0.6_16
#cutting line number,line type (0: length cut vertical - 1: cross cut horizontal - 2: edge cutting in length vertical - 3: edge cutting in width horizontal),relative distance,repeated lines
#sub-panel number,next phase sub-panels quantity,panel combination type,length,usable length,number of cutting lines,edge cutting in length,main panel number,X coordinate,Y coordinate,width,usable width,edge cutting in width,code
24,0,0,310,310,0,0,22,1490.8,89.4,1063,1063,0,L310_W1063_17
#cutting line number,line type (0: length cut vertical - 1: cross cut horizontal - 2: edge cutting in length vertical - 3: edge cutting in width horizontal),relative distance,repeated lines
#sub-panel number,next phase sub-panels quantity,panel combination type,length,usable length,number of cutting lines,edge cutting in length,main panel number,X coordinate,Y coordinate,width,usable width,edge cutting in width,code
25,1,0,110,110,1,0,20,1376.4,89.4,1068,154.6,0,NONE
#cutting line number,line type (0: length cut vertical - 1: cross cut horizontal - 2: edge cutting in length vertical - 3: edge cutting in width horizontal),relative distance,repeated lines
0,1,909,1
#sub-panel number,next phase sub-panels quantity,panel combination type,length,usable length,number of cutting lines,edge cutting in length,main panel number,X coordinate,Y coordinate,width,usable width,edge cutting in width,code
26,0,0,110,110,0,0,25,1376.4,1002.8,154.6,154.6,0,$L110_W154.6_18
#cutting line number,line type (0: length cut vertical - 1: cross cut horizontal - 2: edge cutting in length vertical - 3: edge cutting in width horizontal),relative distance,repeated lines
#sub-panel number,next phase sub-panels quantity,panel combination type,length,usable length,number of cutting lines,edge cutting in length,main panel number,X coordinate,Y coordinate,width,usable width,edge cutting in width,code
27,0,0,110,110,0,0,25,1376.4,89.4,909,909,0,L110_W909_19
#cutting line number,line type (0: length cut vertical - 1: cross cut horizontal - 2: edge cutting in length vertical - 3: edge cutting in width horizontal),relative distance,repeated lines
#sub-panel number,next phase sub-panels quantity,panel combination type,length,usable length,number of cutting lines,edge cutting in length,main panel number,X coordinate,Y coordinate,width,usable width,edge cutting in width,code
28,1,0,80,80,1,0,20,1292,89.4,1068,0.6,0,NONE
#cutting line number,line type (0: length cut vertical - 1: cross cut horizontal - 2: edge cutting in length vertical - 3: edge cutting in width horizontal),relative distance,repeated lines
0,1,1063,1
#sub-panel number,next phase sub-panels quantity,panel combination type,length,usable length,number of cutting lines,edge cutting in length,main panel number,X coordinate,Y coordinate,width,usable width,edge cutting in width,code
29,0,0,80,80,0,0,28,1292,1156.8,0.6,0.6,0,$L80_W0.6_20
#cutting line number,line type (0: length cut vertical - 1: cross cut horizontal - 2: edge cutting in length vertical - 3: edge cutting in width horizontal),relative distance,repeated lines
#sub-panel number,next phase sub-panels quantity,panel combination type,length,usable length,number of cutting lines,edge cutting in length,main panel number,X coordinate,Y coordinate,width,usable width,edge cutting in width,code
30,0,0,80,80,0,0,28,1292,89.4,1063,1063,0,L80_W1063_21
#cutting line number,line type (0: length cut vertical - 1: cross cut horizontal - 2: edge cutting in length vertical - 3: edge cutting in width horizontal),relative distance,repeated lines
#sub-panel number,next phase sub-panels quantity,panel combination type,length,usable length,number of cutting lines,edge cutting in length,main panel number,X coordinate,Y coordinate,width,usable width,edge cutting in width,code
31,0,0,310,310,0,0,20,977.6,89.4,1068,1068,0,L310_W1068_22
#cutting line number,line type (0: length cut vertical - 1: cross cut horizontal - 2: edge cutting in length vertical - 3: edge cutting in width horizontal),relative distance,repeated lines
#sub-panel number,next phase sub-panels quantity,panel combination type,length,usable length,number of cutting lines,edge cutting in length,main panel number,X coordinate,Y coordinate,width,usable width,edge cutting in width,code
32,0,0,80,80,0,0,20,893.2,89.4,1068,1068,0,L80_W1068_23
#cutting line number,line type (0: length cut vertical - 1: cross cut horizontal - 2: edge cutting in length vertical - 3: edge cutting in width horizontal),relative distance,repeated lines
#sub-panel number,next phase sub-panels quantity,panel combination type,length,usable length,number of cutting lines,edge cutting in length,main panel number,X coordinate,Y coordinate,width,usable width,edge cutting in width,code
33,0,0,80,80,0,0,20,808.8,89.4,1068,1068,0,L80_W1068_24
#cutting line number,line type (0: length cut vertical - 1: cross cut horizontal - 2: edge cutting in length vertical - 3: edge cutting in width horizontal),relative distance,repeated lines
#sub-panel number,next phase sub-panels quantity,panel combination type,length,usable length,number of cutting lines,edge cutting in length,main panel number,X coordinate,Y coordinate,width,usable width,edge cutting in width,code
34,0,0,80,80,0,0,20,724.4,89.4,1068,1068,0,L80_W1068_25
#cutting line number,line type (0: length cut vertical - 1: cross cut horizontal - 2: edge cutting in length vertical - 3: edge cutting in width horizontal),relative distance,repeated lines
#sub-panel number,next phase sub-panels quantity,panel combination type,length,usable length,number of cutting lines,edge cutting in length,main panel number,X coordinate,Y coordinate,width,usable width,edge cutting in width,code
35,0,0,1088,1088,0,0,2,724.4,5,80,80,0,L1088_W80_26
#cutting line number,line type (0: length cut vertical - 1: cross cut horizontal - 2: edge cutting in length vertical - 3: edge cutting in width horizontal),relative distance,repeated lines
#sub-panel number,next phase sub-panels quantity,panel combination type,length,usable length,number of cutting lines,edge cutting in length,main panel number,X coordinate,Y coordinate,width,usable width,edge cutting in width,code
36,7,0,715,715,4,0,0,5,0,3660,0,5,NONE
#cutting line number,line type (0: length cut vertical - 1: cross cut horizontal - 2: edge cutting in length vertical - 3: edge cutting in width horizontal),relative distance,repeated lines
0,3,5,1
1,1,370,2
2,1,560,3
3,1,838,1
#sub-panel number,next phase sub-panels quantity,panel combination type,length,usable length,number of cutting lines,edge cutting in length,main panel number,X coordinate,Y coordinate,width,usable width,edge cutting in width,code
37,3,0,715,11.8,3,0,36,5,3289.4,370.6,370.6,0,NONE
#cutting line number,line type (0: length cut vertical - 1: cross cut horizontal - 2: edge cutting in length vertical - 3: edge cutting in width horizontal),relative distance,repeated lines
0,0,80,1
1,0,110,1
2,0,500,1
#sub-panel number,next phase sub-panels quantity,panel combination type,length,usable length,number of cutting lines,edge cutting in length,main panel number,X coordinate,Y coordinate,width,usable width,edge cutting in width,code
38,0,0,11.8,11.8,0,0,37,708.2,3289.4,370.6,370.6,0,$L11.8_W370.6_27
#cutting line number,line type (0: length cut vertical - 1: cross cut horizontal - 2: edge cutting in length vertical - 3: edge cutting in width horizontal),relative distance,repeated lines
#sub-panel number,next phase sub-panels quantity,panel combination type,length,usable length,number of cutting lines,edge cutting in length,main panel number,X coordinate,Y coordinate,width,usable width,edge cutting in width,code
39,2,0,500,500,1,0,37,203.8,3289.4,370.6,1.8,0,NONE
#cutting line number,line type (0: length cut vertical - 1: cross cut horizontal - 2: edge cutting in length vertical - 3: edge cutting in width horizontal),relative distance,repeated lines
0,1,180,2
#sub-panel number,next phase sub-panels quantity,panel combination type,length,usable length,number of cutting lines,edge cutting in length,main panel number,X coordinate,Y coordinate,width,usable width,edge cutting in width,code
40,0,0,500,500,0,0,39,203.8,3658.2,1.8,1.8,0,$L500_W1.8_28
#cutting line number,line type (0: length cut vertical - 1: cross cut horizontal - 2: edge cutting in length vertical - 3: edge cutting in width horizontal),relative distance,repeated lines
#sub-panel number,next phase sub-panels quantity,panel combination type,length,usable length,number of cutting lines,edge cutting in length,main panel number,X coordinate,Y coordinate,width,usable width,edge cutting in width,code
41,0,0,500,500,0,0,39,203.8,3473.8,180,180,0,L500_W180_29
#cutting line number,line type (0: length cut vertical - 1: cross cut horizontal - 2: edge cutting in length vertical - 3: edge cutting in width horizontal),relative distance,repeated lines
#sub-panel number,next phase sub-panels quantity,panel combination type,length,usable length,number of cutting lines,edge cutting in length,main panel number,X coordinate,Y coordinate,width,usable width,edge cutting in width,code
42,0,0,500,500,0,0,39,203.8,3289.4,180,180,0,L500_W180_30
#cutting line number,line type (0: length cut vertical - 1: cross cut horizontal - 2: edge cutting in length vertical - 3: edge cutting in width horizontal),relative distance,repeated lines
#sub-panel number,next phase sub-panels quantity,panel combination type,length,usable length,number of cutting lines,edge cutting in length,main panel number,X coordinate,Y coordinate,width,usable width,edge cutting in width,code
43,1,0,110,110,1,0,37,89.4,3289.4,370.6,16.2,0,NONE
#cutting line number,line type (0: length cut vertical - 1: cross cut horizontal - 2: edge cutting in length vertical - 3: edge cutting in width horizontal),relative distance,repeated lines
0,1,350,1
#sub-panel number,next phase sub-panels quantity,panel combination type,length,usable length,number of cutting lines,edge cutting in length,main panel number,X coordinate,Y coordinate,width,usable width,edge cutting in width,code
44,0,0,110,110,0,0,43,89.4,3643.8,16.2,16.2,0,$L110_W16.2_31
#cutting line number,line type (0: length cut vertical - 1: cross cut horizontal - 2: edge cutting in length vertical - 3: edge cutting in width horizontal),relative distance,repeated lines
#sub-panel number,next phase sub-panels quantity,panel combination type,length,usable length,number of cutting lines,edge cutting in length,main panel number,X coordinate,Y coordinate,width,usable width,edge cutting in width,code
45,0,0,110,110,0,0,43,89.4,3289.4,350,350,0,L110_W350_32
#cutting line number,line type (0: length cut vertical - 1: cross cut horizontal - 2: edge cutting in length vertical - 3: edge cutting in width horizontal),relative distance,repeated lines
#sub-panel number,next phase sub-panels quantity,panel combination type,length,usable length,number of cutting lines,edge cutting in length,main panel number,X coordinate,Y coordinate,width,usable width,edge cutting in width,code
46,1,0,80,80,1,0,37,5,3289.4,370.6,28.2,0,NONE
#cutting line number,line type (0: length cut vertical - 1: cross cut horizontal - 2: edge cutting in length vertical - 3: edge cutting in width horizontal),relative distance,repeated lines
0,1,338,1
#sub-panel number,next phase sub-panels quantity,panel combination type,length,usable length,number of cutting lines,edge cutting in length,main panel number,X coordinate,Y coordinate,width,usable width,edge cutting in width,code
47,0,0,80,80,0,0,46,5,3631.8,28.2,28.2,0,$L80_W28.2_33
#cutting line number,line type (0: length cut vertical - 1: cross cut horizontal - 2: edge cutting in length vertical - 3: edge cutting in width horizontal),relative distance,repeated lines
#sub-panel number,next phase sub-panels quantity,panel combination type,length,usable length,number of cutting lines,edge cutting in length,main panel number,X coordinate,Y coordinate,width,usable width,edge cutting in width,code
48,0,0,80,80,0,0,46,5,3289.4,338,338,0,L80_W338_34
#cutting line number,line type (0: length cut vertical - 1: cross cut horizontal - 2: edge cutting in length vertical - 3: edge cutting in width horizontal),relative distance,repeated lines
#sub-panel number,next phase sub-panels quantity,panel combination type,length,usable length,number of cutting lines,edge cutting in length,main panel number,X coordinate,Y coordinate,width,usable width,edge cutting in width,code
49,3,0,715,1.8,2,0,36,5,2447,838,838,0,NONE
#cutting line number,line type (0: length cut vertical - 1: cross cut horizontal - 2: edge cutting in length vertical - 3: edge cutting in width horizontal),relative distance,repeated lines
0,0,80,1
1,0,310,2
#sub-panel number,next phase sub-panels quantity,panel combination type,length,usable length,number of cutting lines,edge cutting in length,main panel number,X coordinate,Y coordinate,width,usable width,edge cutting in width,code
50,0,0,1.8,1.8,0,0,49,718.2,2447,838,838,0,$L1.8_W838_35
#cutting line number,line type (0: length cut vertical - 1: cross cut horizontal - 2: edge cutting in length vertical - 3: edge cutting in width horizontal),relative distance,repeated lines
#sub-panel number,next phase sub-panels quantity,panel combination type,length,usable length,number of cutting lines,edge cutting in length,main panel number,X coordinate,Y coordinate,width,usable width,edge cutting in width,code
51,0,0,310,310,0,0,49,403.8,2447,838,838,0,L310_W838_36
#cutting line number,line type (0: length cut vertical - 1: cross cut horizontal - 2: edge cutting in length vertical - 3: edge cutting in width horizontal),relative distance,repeated lines
#sub-panel number,next phase sub-panels quantity,panel combination type,length,usable length,number of cutting lines,edge cutting in length,main panel number,X coordinate,Y coordinate,width,usable width,edge cutting in width,code
52,0,0,310,310,0,0,49,89.4,2447,838,838,0,L310_W838_37
#cutting line number,line type (0: length cut vertical - 1: cross cut horizontal - 2: edge cutting in length vertical - 3: edge cutting in width horizontal),relative distance,repeated lines
#sub-panel number,next phase sub-panels quantity,panel combination type,length,usable length,number of cutting lines,edge cutting in length,main panel number,X coordinate,Y coordinate,width,usable width,edge cutting in width,code
53,0,0,80,80,0,0,49,5,2447,838,838,0,L80_W838_38
#cutting line number,line type (0: length cut vertical - 1: cross cut horizontal - 2: edge cutting in length vertical - 3: edge cutting in width horizontal),relative distance,repeated lines
#sub-panel number,next phase sub-panels quantity,panel combination type,length,usable length,number of cutting lines,edge cutting in length,main panel number,X coordinate,Y coordinate,width,usable width,edge cutting in width,code
54,0,0,715,715,0,0,36,5,1882.6,560,560,0,L715_W560_39
#cutting line number,line type (0: length cut vertical - 1: cross cut horizontal - 2: edge cutting in length vertical - 3: edge cutting in width horizontal),relative distance,repeated lines
#sub-panel number,next phase sub-panels quantity,panel combination type,length,usable length,number of cutting lines,edge cutting in length,main panel number,X coordinate,Y coordinate,width,usable width,edge cutting in width,code
55,0,0,715,715,0,0,36,5,1318.2,560,560,0,L715_W560_40
#cutting line number,line type (0: length cut vertical - 1: cross cut horizontal - 2: edge cutting in length vertical - 3: edge cutting in width horizontal),relative distance,repeated lines
#sub-panel number,next phase sub-panels quantity,panel combination type,length,usable length,number of cutting lines,edge cutting in length,main panel number,X coordinate,Y coordinate,width,usable width,edge cutting in width,code
56,0,0,715,715,0,0,36,5,753.8,560,560,0,L715_W560_41
#cutting line number,line type (0: length cut vertical - 1: cross cut horizontal - 2: edge cutting in length vertical - 3: edge cutting in width horizontal),relative distance,repeated lines
#sub-panel number,next phase sub-panels quantity,panel combination type,length,usable length,number of cutting lines,edge cutting in length,main panel number,X coordinate,Y coordinate,width,usable width,edge cutting in width,code
57,0,0,715,715,0,0,36,5,379.4,370,370,0,L715_W370_42
#cutting line number,line type (0: length cut vertical - 1: cross cut horizontal - 2: edge cutting in length vertical - 3: edge cutting in width horizontal),relative distance,repeated lines
#sub-panel number,next phase sub-panels quantity,panel combination type,length,usable length,number of cutting lines,edge cutting in length,main panel number,X coordinate,Y coordinate,width,usable width,edge cutting in width,code
58,0,0,715,715,0,0,36,5,5,370,370,0,L715_W370_43
#cutting line number,line type (0: length cut vertical - 1: cross cut horizontal - 2: edge cutting in length vertical - 3: edge cutting in width horizontal),relative distance,repeated lines
#layer data(label item shall conform to template label)
#layer number,number of panels,label item
0,1,29
#code (key word - unique in the cutting pattern),BarCode,Material,CutLen,CutWid,Thickness,Length,Width,SideLen1,SideLen2,SideWid1,SideWid2,
L400_W912_4,,Cabinet Body,400,912,16,400,912,,,E2,,
L400_W750_5,,Cabinet Body,400,750,16,400,750,E2,,E2,,
L400_W750_6,,Cabinet Body,400,750,16,400,750,E2,,E2,,
L330_W838_8,,Cabinet Body,330,838,16,330,838,,,E2,Groove,
L330_W820_9,,Cabinet Body,330,820,16,330,820,E2,,E2,Groove,
L330_W820_10,,Cabinet Body,330,820,16,330,820,E2,,E2,Groove,
L330_W838_12,,Cabinet Body,330,838,16,330,838,,,,,
L330_W820_13,,Cabinet Body,330,820,16,330,820,E2,,E2,Groove,
L330_W820_14,,Cabinet Body,330,820,16,330,820,E2,,E2,Groove,
L310_W1063_17,,Cabinet Body,310,1063,16,310,1063,,,E2,,
L110_W909_19,,Cabinet Body,110,909,16,110,909,,,E2,Groove,
L80_W1063_21,,Cabinet Body,80,1063,16,80,1063,,,MC,,
L310_W1068_22,,Cabinet Body,310,1068,16,310,1068,,,E2,,
L80_W1068_23,,Cabinet Body,80,1068,16,80,1068,,,E2,,
L80_W1068_24,,Cabinet Body,80,1068,16,80,1068,,,,,
L80_W1068_25,,Cabinet Body,80,1068,16,80,1068,,,MC,,
L1088_W80_26,,Cabinet Body,80,1088,16,80,1088,,,MC,,
L500_W180_29,,Cabinet Body,180,500,16,180,500,,,E2,Groove,
L500_W180_30,,Cabinet Body,180,500,16,180,500,,,E2,Groove,
L110_W350_32,,Cabinet Body,110,350,16,110,350,,,E2,Groove,
L80_W338_34,,Cabinet Body,80,338,16,80,338,,,,,
L310_W838_36,,Cabinet Body,310,838,16,310,838,,,E2,,
L310_W838_37,,Cabinet Body,310,838,16,310,838,,,E2,,
L80_W838_38,,Cabinet Body,80,838,16,80,838,,,MC,,
L715_W560_39,,Cabinet Body,560,715,16,560,715,,,E2,Groove,
L715_W560_40,,Cabinet Body,560,715,16,560,715,,,E2,Groove,
L715_W560_41,,Cabinet Body,560,715,16,560,715,,,E2,Groove,
L715_W370_42,,Cabinet Body,370,715,16,370,715,,,E2,Groove,
L715_W370_43,,Cabinet Body,370,715,16,370,715,,,E2,Groove,
